Datum,Cena_95,Cena_Dizel,Cena_Kurilno_Olje,Cena_LPG_Plin
2025-07-28,1.43624,1.48793,1.12718,0.85421
2025-07-21,1.45192,1.49304,1.1287,0.85429
2025-07-14,1.46379,1.49705,1.13583,0.83574
2025-07-07,1.45117,1.47332,1.12055,0.83209
2025-06-30,1.4435,1.45672,1.0964200000000002,0.8306399999999999
2025-06-23,1.44828,1.45827,1.0904500000000001,0.8291000000000001
2025-06-16,1.45114,1.4594200000000002,1.07731,0.8186
2025-06-09,1.4461600000000001,1.46069,1.07921,0.82497
2025-06-02,1.44474,1.46303,1.0831199999999999,0.82343
2025-05-26,1.4323599999999999,1.45834,1.0789600000000001,0.82311
2025-05-19,1.42577,1.45675,1.07416,0.82441
2025-05-12,1.43042,1.46226,1.0758699999999999,0.8602799999999999
2025-05-05,1.43123,1.46536,1.07652,0.86062
2025-04-28,1.48292,1.5151199999999998,1.10027,0.8599199999999999
2025-04-21,1.50666,1.54422,1.15411,0.85833
2025-04-14,1.4853699999999999,1.53421,1.1509,0.8816499999999999
2025-04-07,1.47476,1.52951,1.14625,0.89164
2025-03-31,1.48167,1.5474100000000002,1.15772,0.89176
2025-03-24,1.4868,1.56555,1.1865299999999999,0.8926900000000001
2025-03-17,1.518,1.5896700000000001,1.2015799999999999,0.89547
2025-03-10,1.54521,1.61423,1.2378699999999998,0.90047
2025-03-03,1.54419,1.60777,1.22678,0.90134
2025-02-24,1.54178,1.6024100000000001,1.2219,0.90019
2025-02-17,1.54894,1.61821,1.2317,0.89983
2025-02-10,1.55527,1.63421,1.2548,0.89897
2025-02-03,1.53821,1.6116199999999998,1.24074,0.9011
2025-01-27,1.52993,1.5979700000000001,1.218,0.90226
2025-01-20,1.51423,1.5847,1.20776,0.9050900000000001
2025-01-13,1.5146600000000001,1.58528,1.19095,0.90891
2025-01-06,1.5073699999999999,1.56874,1.1841300000000001,0.90299
2024-12-30,1.50038,1.5738299999999998,1.1823800000000002,0.89858
2024-12-23,1.50038,1.5738299999999998,1.1823800000000002,0.89858
2024-12-16,1.49982,1.57954,1.1969,0.9097999999999999
2024-12-09,1.4923199999999999,1.56724,1.18765,0.91777
2024-12-02,1.48866,1.55992,1.17459,0.9189299999999999
2024-11-25,1.49054,1.54452,1.1656600000000001,0.91847
2024-11-18,1.4928800000000002,1.5352000000000001,1.15323,0.9197799999999999
2024-11-11,1.5082200000000001,1.54227,1.1547,0.93477
2024-11-04,1.52045,1.54701,1.1656900000000001,0.93191
2024-10-28,1.49248,1.529,1.15849,0.93124
2024-10-21,1.4778,1.51775,1.14396,0.93211
2024-10-14,1.47085,1.50996,1.1378199999999998,0.9419299999999999
2024-10-07,1.45619,1.4908599999999999,1.13149,0.9440299999999999
2024-09-30,1.47877,1.52232,1.15524,0.9448300000000001
2024-09-23,1.4881900000000001,1.53904,1.16322,0.94639
2024-09-16,1.4986199999999998,1.54252,1.16326,0.92835
2024-09-09,1.5074100000000001,1.5509000000000002,1.1627,0.90366
2024-09-02,1.52654,1.55608,1.1765999999999999,0.90507
2024-08-26,1.54277,1.5620699999999998,1.1836099999999998,0.90532
2024-08-19,1.5446300000000002,1.56662,1.18351,0.9055
2024-08-12,1.53889,1.55763,1.1836,0.88091
2024-08-05,1.5380999999999998,1.55522,1.18362,0.88018
2024-07-29,1.5357,1.55181,1.1835499999999999,0.87991
2024-07-22,1.51186,1.5398800000000001,1.18281,0.87961
2024-07-15,1.49668,1.52799,1.1825899999999998,0.85326
2024-07-08,1.4716500000000001,1.49548,1.13325,0.83261
2024-07-01,1.4598,1.47449,1.12688,0.8315
2024-06-24,1.47244,1.4758,1.13023,0.8295399999999999
2024-06-17,1.48424,1.4818699999999998,1.1366800000000001,0.8280599999999999
2024-06-10,1.4972999999999999,1.48199,1.1433900000000001,0.8275800000000001
2024-06-03,1.50728,1.48179,1.1407,0.82721
2024-05-27,1.53558,1.4989400000000002,1.15104,0.82836
2024-05-20,1.55421,1.51366,1.16501,0.83033
2024-05-13,1.5673499999999998,1.5361099999999999,1.1800599999999999,0.84623
2024-05-06,1.57877,1.56103,1.2077,0.84974
2024-04-29,1.56044,1.56452,1.2157,0.8439800000000001
2024-04-22,1.5529000000000002,1.5697,1.2177,0.8429
2024-04-15,1.53948,1.56149,1.21219,0.8433099999999999
2024-04-08,1.53425,1.55665,1.2097,0.84492
2024-04-01,1.5153800000000002,1.5525,1.20821,0.84427
2024-03-25,1.5001600000000002,1.54757,1.2076900000000002,0.83801
2024-03-18,1.49999,1.54875,1.2076900000000002,0.83569
2024-03-11,1.50079,1.5495,1.2076900000000002,0.8267100000000001
2024-03-04,1.4716099999999999,1.53524,1.19916,0.82682
2024-02-26,1.45573,1.52199,1.1956300000000002,0.8266
2024-02-19,1.43391,1.49953,1.15611,0.827
2024-02-12,1.4210999999999998,1.4832100000000001,1.14858,0.81564
2024-02-05,1.4009500000000001,1.45587,1.1103800000000001,0.8145399999999999
2024-01-29,1.3903800000000002,1.44058,1.1027,0.81571
2024-01-22,1.3975899999999999,1.44842,1.11509,0.8211799999999999
2024-01-15,1.41225,1.46817,1.11877,0.82464
2024-01-08,1.40025,1.45388,1.10727,0.83069
2024-01-01,1.41543,1.46817,1.1188399999999998,0.8258300000000001
2023-12-25,1.41543,1.46817,1.1188399999999998,0.8258300000000001
2023-12-18,1.43053,1.4866400000000002,1.15578,0.8302
2023-12-11,1.4714500000000001,1.52077,1.1586800000000002,0.8484299999999999
2023-12-04,1.51516,1.56057,1.16909,0.85074
2023-11-27,1.53124,1.59785,1.2208599999999998,0.8496
2023-11-20,1.54342,1.63022,1.23179,0.84961
2023-11-13,1.54684,1.6538199999999998,1.26198,0.85133
2023-11-06,1.55185,1.67997,1.26977,0.85202
2023-10-30,1.54821,1.6749,1.27224,0.8512000000000001
2023-10-23,1.54843,1.67485,1.26977,0.8527899999999999
2023-10-16,1.57707,1.68043,1.27305,0.85412
2023-10-09,1.60337,1.68928,1.28548,0.85512
2023-10-02,1.58043,1.65127,1.2257,0.85711
2023-09-25,1.5691199999999998,1.6296199999999998,1.21773,0.85793
2023-09-18,1.56732,1.61453,1.21044,0.86166
2023-09-11,1.5691700000000002,1.6092899999999999,1.19271,0.88666
2023-09-04,1.5546099999999998,1.6058599999999998,1.18928,0.8902599999999999
2023-08-28,1.54375,1.6029,1.18076,0.88952
2023-08-21,1.54702,1.6071,1.16745,0.89209
2023-08-14,1.5493800000000002,1.60706,1.16156,0.87262
2023-08-07,1.51074,1.57552,1.1219000000000001,0.86734
2023-07-31,1.49174,1.55126,1.1176,0.8653200000000001
2023-07-24,1.47892,1.53209,1.1114000000000002,0.86464
2023-07-17,1.47129,1.51857,1.09676,0.86698
2023-07-10,1.4575,1.5047300000000001,1.08043,0.8786799999999999
2023-07-03,1.4489,1.49359,1.0766099999999998,0.88067
2023-06-26,1.43722,1.47374,1.0595899999999998,0.87879
2023-06-19,1.43198,1.4606400000000002,1.0565,0.88167
2023-06-12,1.41449,1.4568599999999998,1.05412,0.89301
2023-06-05,1.40453,1.4559600000000001,1.04676,0.89322
2023-05-29,1.40194,1.44971,1.0393599999999998,0.89015
2023-05-22,1.40587,1.4490399999999999,1.03776,0.8900399999999999
2023-05-15,1.41978,1.45866,1.0437,0.8918400000000001
2023-05-08,1.437,1.4762899999999999,1.05876,0.8887999999999999
2023-05-01,1.414,1.439,1.022,0.894
2023-04-24,1.43373,1.4704300000000001,1.0699,0.89928
2023-04-17,1.40749,1.47994,1.07871,0.90664
2023-04-10,1.39129,1.47857,1.07977,0.93238
2023-04-03,1.38655,1.5020799999999999,1.1221199999999998,0.93201
2023-03-27,1.38626,1.52892,1.13345,0.93221
2023-03-20,1.37673,1.5204900000000001,1.11805,0.93189
2023-03-13,1.3710799999999999,1.51442,1.11486,0.9323400000000001
2023-03-06,1.3694300000000001,1.51609,1.11593,0.93292
2023-02-27,1.36845,1.5161600000000002,1.1199000000000001,0.9328500000000001
2023-02-20,1.36706,1.53529,1.13395,0.93187
2023-02-13,1.3685,1.55781,1.18776,0.9285599999999999
2023-02-06,1.32505,1.5286099999999998,1.1765,0.92459
2023-01-30,1.30064,1.51147,1.15175,0.92562
2023-01-23,1.29377,1.5121600000000002,1.15176,0.92565
2023-01-16,1.3009600000000001,1.52548,1.15142,0.944
2023-01-09,1.2726600000000001,1.50697,1.1397,0.9535399999999999
2023-01-02,1.2667599999999999,1.5106,1.13431,0.95463
2022-12-26,1.31835,1.54502,1.17125,0.95253
2022-12-19,1.37607,1.5819100000000001,1.23109,0.95485
2022-12-12,1.42308,1.6118299999999999,1.26983,0.99401
2022-12-05,1.47383,1.6458499999999998,1.34517,0.99441
2022-11-28,1.48394,1.69289,1.40004,0.99412
2022-11-21,1.4926700000000002,1.74014,1.44002,0.99414
2022-11-14,1.46281,1.77027,1.4591800000000001,0.99561
2022-11-07,1.44871,1.80755,1.49627,0.99803
2022-10-31,1.43269,1.73678,1.4176,0.9959
2022-10-24,1.4267100000000001,1.70912,1.40469,0.99637
2022-10-17,1.38869,1.659,1.3506300000000002,0.99636
2022-10-10,1.36903,1.63008,1.32611,0.99752
2022-10-03,1.37121,1.6728,1.36097,0.99997
2022-09-26,1.37291,1.71203,1.40373,1.00152
2022-09-19,1.4499300000000002,1.7604600000000001,1.4051099999999999,1.00341
2022-09-12,1.5166600000000001,1.80221,1.5496500000000002,1.00525
2022-09-05,1.52001,1.72546,1.49257,1.00828
2022-08-29,1.52232,1.67717,1.4165,1.00341
2022-08-22,1.55487,1.7055,1.39259,1.00632
2022-08-15,1.5691700000000002,1.7237,1.40943,0.99415
2022-08-08,1.62744,1.74252,1.4649,1.0067300000000001
2022-08-01,1.65069,1.7429700000000001,1.47598,1.0043
2022-07-25,1.70463,1.792,1.50508,1.00547
2022-07-18,1.7467000000000001,1.83933,1.5440399999999999,1.00244
2022-07-11,1.7596500000000002,1.84835,1.6128099999999999,1.00248
2022-07-04,1.77232,1.86551,1.6618499999999998,1.00427
2022-06-27,1.60653,1.72454,1.6721199999999998,0.9965
2022-06-20,1.56,1.668,1.60668,1.0035800000000001
2022-06-13,1.56,1.668,1.5063,0.99854
2022-06-06,1.56,1.668,1.44627,0.9915499999999999
2022-05-30,1.56,1.668,1.4253699999999998,1.00109
2022-05-23,1.56,1.668,1.41637,1.00737
2022-05-16,1.63243,1.7948499999999998,1.38323,1.04267
2022-05-09,1.5603900000000002,1.6681,1.3551099999999998,1.0505499999999999
2022-05-02,1.503,1.541,1.32197,1.05307
2022-04-25,1.503,1.541,1.29711,1.0544200000000001
2022-04-11,1.503,1.541,1.30567,1.04689
2022-04-04,1.503,1.541,1.30281,1.04735
2022-03-28,1.5028800000000002,1.541,1.29992,1.0367899999999999
2022-03-21,1.55262,1.6369500000000001,1.15882,0.97682
2022-03-14,1.5033599999999998,1.54399,1.05339,0.90664
2022-03-07,1.44648,1.47019,1.03923,0.86424
2022-02-28,1.42702,1.4458,1.0208,0.85776
2022-02-21,1.4069800000000001,1.4401300000000001,1.00423,0.8617100000000001
2022-02-14,1.3828,1.42239,0.99076,0.85914
2022-02-07,1.3795899999999999,1.41986,1.01933,0.83337
2022-01-31,1.37096,1.46528,1.04076,0.85953
2022-01-24,1.35071,1.4531500000000002,1.0081900000000001,0.8619
2022-01-17,1.3423699999999998,1.43675,0.98376,0.8595499999999999
2022-01-10,1.32975,1.3994000000000002,0.97862,0.8683
2022-01-03,1.31803,1.36728,0.97476,0.8744400000000001
2021-12-20,1.2861300000000002,1.3975199999999999,0.96376,0.86525
2021-12-13,1.3022799999999999,1.4151099999999999,0.99558,0.8823099999999999
2021-12-06,1.34301,1.44278,0.93436,0.8783500000000001
2021-11-29,1.35749,1.45044,0.9708300000000001,0.88215
2021-11-22,1.36379,1.4738399999999998,0.99829,0.87979
2021-11-15,1.37151,1.4735999999999998,1.06903,0.85266
2021-11-08,1.3656700000000002,1.47055,1.1460299999999999,0.83159
2021-11-01,1.35622,1.4520899999999999,1.1555499999999999,0.82439
2021-10-25,1.34212,1.4307999999999998,1.14729,0.8313200000000001
2021-10-18,1.3191199999999998,1.4113399999999998,1.10243,0.82469
2021-10-11,1.2882,1.37407,1.07355,0.73921
2021-10-04,1.2848499999999998,1.34584,1.06621,0.7390800000000001
2021-09-27,1.29358,1.32331,1.03339,0.73645
2021-09-20,1.28286,1.31392,1.0403399999999998,0.73784
2021-09-13,1.2628499999999998,1.30994,1.0350599999999999,0.7355700000000001
2021-09-06,1.24892,1.29695,1.01091,0.7232000000000001
2021-08-30,1.25583,1.29045,1.00739,0.72401
2021-08-23,1.26668,1.2937,0.9682000000000001,0.72188
2021-08-16,1.27745,1.3140699999999998,1.0403099999999998,0.7141000000000001
2021-08-09,1.2686199999999999,1.30319,1.01919,0.70656
2021-08-02,1.26763,1.30453,1.05223,0.7099
2021-07-26,1.26875,1.30167,1.05052,0.70788
2021-07-19,1.25902,1.29981,1.04503,0.70385
2021-07-12,1.2500799999999999,1.29443,1.0376400000000001,0.6634099999999999
2021-07-05,1.2342899999999999,1.28383,1.01854,0.6610199999999999
2021-06-28,1.2171800000000002,1.2706300000000001,1.02148,0.6580499999999999
2021-06-21,1.2071500000000002,1.2600799999999999,1.01141,0.65927
2021-06-14,1.19712,1.2466300000000001,0.98575,0.65624
2021-06-07,1.18824,1.23266,0.95231,0.65426
2021-05-31,1.1934,1.23417,0.9812000000000001,0.64983
2021-05-24,1.20154,1.22776,0.9837899999999999,0.65012
2021-05-17,1.1906199999999998,1.21946,0.97168,0.66032
2021-05-10,1.17655,1.1996600000000002,0.95608,0.6551699999999999
2021-05-03,1.1781300000000001,1.19825,0.9607100000000001,0.66544
2021-04-26,1.17222,1.1903,0.9557899999999999,0.66275
2021-04-19,1.17294,1.18485,0.95423,0.66234
2021-04-12,1.17094,1.18752,0.96834,0.66287
2021-03-29,1.18397,1.20614,0.97615,0.665
2021-03-22,1.17434,1.20622,0.98141,0.64989
2021-03-15,1.1573499999999999,1.19725,0.9667899999999999,0.6425
2021-03-08,1.1421700000000001,1.18913,0.9536,0.61845
2021-03-01,1.11979,1.1748399999999999,0.9429500000000001,0.63685
2021-02-22,1.10256,1.15559,0.93221,0.63525
2021-02-15,1.08611,1.13493,0.91125,0.6281100000000001
2021-02-08,1.07545,1.12005,0.89005,0.61682
2021-02-01,1.07406,1.12232,0.91035,0.62934
2021-01-25,1.05749,1.11222,0.89465,0.62947
2021-01-18,1.0323399999999998,1.09498,0.88379,0.5992999999999999
2021-01-11,1.0216699999999999,1.09177,0.8763500000000001,0.5877
2020-12-21,1.00268,1.06725,0.86309,0.5845199999999999
2020-12-14,0.99759,1.0593299999999999,0.87105,0.5801499999999999
2020-12-07,0.98241,1.0377,0.81402,0.5848099999999999
2020-11-30,0.97438,1.0311,0.83011,0.58226
2020-11-23,0.96557,1.0128,0.81133,0.5821900000000001
2020-11-16,0.9546399999999999,0.99978,0.79702,0.57557
2020-11-09,0.96997,1.00207,0.8006599999999999,0.5711799999999999
2020-11-02,0.98987,1.00197,0.80869,0.57228
2020-10-26,0.9986900000000001,1.01453,0.81331,0.56374
2020-10-19,1.00109,1.00634,0.8020700000000001,0.55241
2020-10-12,1.00193,0.9993,0.7899400000000001,0.57124
2020-10-05,1.0018099999999999,0.99933,0.78259,0.55674
2020-09-28,1.00336,1.00207,0.79095,0.57405
2020-09-21,1.0028,0.9987999999999999,0.8155800000000001,0.57471
2020-09-14,1.00318,1.00089,0.81571,0.57514
2020-09-07,1.0039,0.99994,0.8089700000000001,0.5776
2020-08-31,1.00598,1.00573,0.82365,0.57524
2020-08-24,1.00631,1.00645,0.82231,0.5761000000000001
2020-08-17,1.00721,1.00807,0.82869,0.57626
2020-08-10,1.00629,1.00362,0.83874,0.5738099999999999
2020-08-03,1.00487,1.00321,0.83962,0.57489
2020-07-27,1.00484,1.00271,0.8394199999999999,0.5756699999999999
2020-07-20,1.0027300000000001,1.00241,0.83509,0.5744
2020-07-13,1.00387,1.0013400000000001,0.82365,0.57523
2020-07-06,1.00378,1.0027000000000001,0.81753,0.57353
2020-06-29,1.00375,1.00255,0.8010700000000001,0.5739
2020-06-22,1.00317,1.00044,0.77986,0.5733400000000001
2020-06-15,1.00297,1.00071,0.76073,0.57452
2020-06-08,1.00149,0.9972300000000001,0.7085,0.5744
2020-06-01,1.00177,1.00033,0.71366,0.54408
2020-05-25,1.0012,0.99813,0.68892,0.57484
2020-05-18,1.0010299999999999,0.99593,0.67779,0.5748099999999999
2020-05-11,1.00157,0.9972799999999999,0.69275,0.60435
2020-05-04,1.00125,0.9967,0.70136,0.60403
2020-04-27,1.00034,0.99518,0.71026,0.6033999999999999
2020-04-20,1.00035,0.9962799999999999,0.72594,0.6044299999999999
2020-04-06,1.02952,1.01167,0.74778,0.61341
2020-03-30,1.118,1.0671199999999998,0.79723,0.6150399999999999
2020-03-23,1.20604,1.14224,0.85523,0.61513
2020-03-16,1.24501,1.17253,0.90123,0.61642
2020-03-09,1.26684,1.2002000000000002,0.92711,0.6316499999999999
2020-03-02,1.26142,1.19606,0.9269700000000001,0.63281
2020-02-24,1.25749,1.1920899999999999,0.9226,0.63324
2020-02-17,1.27441,1.2138,0.94441,0.6326
2020-02-10,1.2891,1.23901,0.96657,0.63203
2020-02-03,1.29531,1.2623199999999999,0.98197,0.6325
2020-01-27,1.3001099999999999,1.28348,1.01816,0.63187
2020-01-20,1.30086,1.28549,1.0185,0.625
2020-01-13,1.30457,1.2913,1.02285,0.61824
2020-01-06,1.29827,1.27275,0.9994400000000001,0.6145
2019-12-16,1.30213,1.2461300000000002,0.99737,0.6013999999999999
2019-12-09,1.30054,1.25228,0.9934299999999999,0.58512
2019-12-02,1.29537,1.2553800000000002,0.9959600000000001,0.57492
2019-11-25,1.28519,1.25228,0.98953,0.58653
2019-11-18,1.2790599999999999,1.25015,0.98952,0.57404
2019-11-11,1.2778699999999998,1.2526400000000002,0.98678,0.56898
2019-11-04,1.27618,1.2530999999999999,0.98968,0.56917
2019-10-28,1.28773,1.2561,0.99175,0.55524
2019-10-21,1.29667,1.2599500000000001,1.0018500000000001,0.56662
2019-10-14,1.29946,1.2679200000000002,1.00594,0.5639400000000001
2019-10-07,1.3017,1.2758399999999999,1.0134,0.5557799999999999
2019-09-30,1.28328,1.25857,0.9923500000000001,0.57025
2019-09-23,1.27372,1.24847,0.9823999999999999,0.57097
2019-09-16,1.2705499999999998,1.24224,0.9759500000000001,0.5777100000000001
2019-09-09,1.26929,1.23851,0.96178,0.56909
2019-09-02,1.28716,1.24239,0.96333,0.58126
2019-08-26,1.29972,1.24295,0.97787,0.58193
2019-08-19,1.3173800000000002,1.25194,0.9817,0.58861
2019-08-12,1.32958,1.2552699999999999,0.99415,0.60507
2019-08-05,1.3305799999999999,1.2493800000000002,0.9937999999999999,0.60454
2019-07-29,1.33121,1.24528,0.9901599999999999,0.60424
2019-07-22,1.30997,1.23889,0.9790599999999999,0.59314
2019-07-15,1.29562,1.23425,0.9735499999999999,0.61294
2019-07-08,1.28644,1.22844,0.94404,0.6225
2019-07-01,1.2826199999999999,1.21482,0.95653,0.62388
2019-06-24,1.31247,1.24305,0.9623999999999999,0.6234299999999999
2019-06-17,1.33654,1.27033,1.01289,0.62867
2019-06-10,1.33704,1.2791199999999998,1.00891,0.63688
2019-06-03,1.33948,1.29132,1.02031,0.6393099999999999
2019-05-27,1.34835,1.2886199999999999,1.01555,0.6388400000000001
2019-05-20,1.35899,1.28903,1.01975,0.63952
2019-05-13,1.35528,1.2833800000000002,1.01411,0.64032
2019-05-06,1.35558,1.28307,1.01229,0.63991
2019-04-29,1.33598,1.2678399999999999,0.9904400000000001,0.6399
2019-04-15,1.30873,1.25623,0.96723,0.6255499999999999
2019-04-08,1.2968199999999999,1.25302,0.97815,0.64767
2019-04-01,1.28032,1.2605899999999999,0.95501,0.64811
2019-03-25,1.26954,1.26593,0.9884,0.63305
2019-03-18,1.25694,1.26367,0.98673,0.63982
2019-03-11,1.24921,1.26339,0.98226,0.64737
2019-03-04,1.22575,1.24682,0.96688,0.62915
2019-02-25,1.2091800000000001,1.23549,0.95285,0.6290800000000001
2019-02-18,1.2096,1.23397,0.95209,0.6476900000000001
2019-02-11,1.21332,1.23156,0.9516100000000001,0.6476900000000001
2019-02-04,1.20237,1.21657,0.93159,0.63147
2019-01-28,1.19682,1.2056600000000002,0.92228,0.64727
2019-01-21,1.19007,1.19749,0.91238,0.63773
2019-01-14,1.18794,1.1948599999999998,0.90806,0.66031
2019-01-07,1.21221,1.23087,0.93371,0.67401
2018-12-17,1.22849,1.26642,0.9690599999999999,0.6754199999999999
2018-12-10,1.25101,1.3003099999999999,0.9872799999999999,0.69659
2018-12-03,1.27155,1.33706,1.01661,0.68765
2018-11-26,1.30094,1.34602,1.03676,0.70445
2018-11-19,1.32106,1.3545099999999999,1.05167,0.68972
2018-11-12,1.3378299999999999,1.3580999999999999,1.0503900000000002,0.7157100000000001
2018-11-05,1.34971,1.36259,1.04997,0.7158300000000001
2018-10-29,1.36389,1.35617,1.0510599999999999,0.70263
2018-10-22,1.37663,1.35096,1.0518699999999999,0.71577
2018-10-15,1.35731,1.32675,1.03296,0.71149
2018-10-08,1.34561,1.3063699999999998,1.00676,0.6709299999999999
2018-10-01,1.35351,1.31076,1.01799,0.68433
2018-09-24,1.35869,1.31246,1.02031,0.6843899999999999
2018-09-17,1.3538299999999999,1.3011400000000002,1.00735,0.67473
2018-09-10,1.3518299999999999,1.2937,0.99181,0.6648099999999999
2018-09-03,1.35212,1.29099,0.99119,0.6655599999999999
2018-08-27,1.35219,1.2883699999999998,0.97838,0.66511
2018-08-20,1.34632,1.28575,0.98538,0.66569
2018-08-13,1.34326,1.28236,0.9867100000000001,0.6556799999999999
2018-08-06,1.3508399999999998,1.2845,0.9858,0.6562
2018-07-30,1.35371,1.28796,1.00034,0.6562
2018-07-23,1.3474300000000001,1.2823,0.9833200000000001,0.65649
2018-07-16,1.34497,1.27857,0.98795,0.63812
2018-07-09,1.34428,1.2771400000000002,0.9641900000000001,0.6333799999999999
2018-07-02,1.3443399999999999,1.2808599999999999,0.9676,0.63982
2018-06-25,1.3551199999999999,1.29352,0.99363,0.63871
2018-06-18,1.3643599999999998,1.3056500000000002,1.0147599999999999,0.63434
2018-06-11,1.35835,1.29723,0.9858899999999999,0.61715
2018-06-04,1.35223,1.29155,1.0001799999999998,0.6203
2018-05-28,1.3521800000000002,1.29183,0.97482,0.62861
2018-05-21,1.3513,1.29154,0.96039,0.6169
2018-05-14,1.3375599999999999,1.2768199999999998,0.94936,0.6117400000000001
2018-05-07,1.3299400000000001,1.26998,0.8924500000000001,0.61853
2018-04-30,1.31671,1.2543900000000001,0.93421,0.61694
2018-04-23,1.31181,1.24656,0.92092,0.61694
2018-04-16,1.30561,1.2355999999999998,0.9115,0.63136
2018-04-09,1.3003,1.2265599999999999,0.88982,0.6349400000000001
2018-03-26,1.28147,1.21999,0.89337,0.63806
2018-03-19,1.2763399999999998,1.21497,0.88891,0.63079
2018-03-12,1.27318,1.2111800000000001,0.88064,0.65631
2018-03-05,1.28867,1.22215,0.8853099999999999,0.6589700000000001
2018-02-26,1.30103,1.23335,0.88783,0.65879
2018-02-19,1.30864,1.24174,0.90677,0.64738
2018-02-12,1.31883,1.24856,0.92083,0.67099
2018-02-05,1.31092,1.2520799999999999,0.9172899999999999,0.67161
2018-01-29,1.3075999999999999,1.2551199999999998,0.92296,0.6702
2018-01-22,1.3039,1.2469100000000002,0.91234,0.66638
2018-01-15,1.30146,1.24248,0.9078099999999999,0.66555
2018-01-08,1.2906600000000001,1.23758,0.89691,0.66511
2018-01-01,1.28889,1.23631,0.8795599999999999,0.66344
2017-12-18,1.28889,1.23631,0.8795599999999999,0.66344
2017-12-11,1.2951300000000001,1.24149,0.89071,0.65803
2017-12-04,1.3000399999999999,1.2426,0.89228,0.65871
2017-11-27,1.2882,1.23158,0.87929,0.65879
2017-11-20,1.27993,1.224,0.8643500000000001,0.6544
2017-11-13,1.2696800000000001,1.21415,0.85762,0.67073
2017-11-06,1.2605,1.20858,0.85182,0.6617799999999999
2017-10-30,1.26234,1.21052,0.84335,0.64158
2017-10-23,1.2648,1.21257,0.82387,0.64048
2017-10-16,1.2684600000000001,1.20327,0.85227,0.62989
2017-10-09,1.27104,1.19639,0.84694,0.6466900000000001
2017-10-02,1.27614,1.19157,0.83745,0.62598
2017-09-25,1.27677,1.18706,0.8260700000000001,0.62976
2017-09-18,1.2687899999999999,1.17333,0.80138,0.63062
2017-09-11,1.25362,1.16368,0.80402,0.63119
2017-09-04,1.25528,1.16875,0.80308,0.63136
2017-08-28,1.25674,1.17333,0.81256,0.63099
2017-08-21,1.24976,1.16666,0.80551,0.63118
2017-08-14,1.24442,1.1598499999999998,0.80174,0.62986
2017-08-07,1.23745,1.14842,0.7862899999999999,0.62697
2017-07-31,1.2337,1.15013,0.7898099999999999,0.6335299999999999
2017-07-24,1.22872,1.1418499999999998,0.78367,0.63377
2017-07-17,1.2262899999999999,1.13591,0.77819,0.63801
2017-07-10,1.21869,1.11435,0.7436,0.64187
2017-07-03,1.2153800000000001,1.10171,0.76006,0.64425
2017-06-26,1.23598,1.12019,0.79402,0.64428
2017-06-19,1.25113,1.13775,0.81372,0.6429400000000001
2017-06-12,1.2498699999999998,1.13683,0.81179,0.62512
2017-06-05,1.2514,1.1368399999999999,0.81391,0.64203
2017-05-29,1.25161,1.13623,0.79584,0.6425299999999999
2017-05-22,1.25391,1.1384,0.81364,0.64193
2017-05-15,1.2823,1.1603299999999999,0.8139500000000001,0.64435
2017-05-08,1.30802,1.1830699999999998,0.85365,0.65038
2017-05-01,1.29291,1.17146,0.839,0.64973
2017-04-24,1.2825499999999999,1.16485,0.8321900000000001,0.6503300000000001
2017-04-10,1.25519,1.14375,0.8109400000000001,0.65783
2017-04-03,1.26508,1.163,0.82814,0.6585
2017-03-27,1.27563,1.1801700000000002,0.8515499999999999,0.65812
2017-03-20,1.29013,1.19055,0.85685,0.6587799999999999
2017-03-13,1.30259,1.19144,0.86507,0.6588099999999999
2017-03-06,1.2998699999999999,1.1885599999999998,0.8587400000000001,0.65654
2017-02-27,1.29754,1.18863,0.85781,0.65616
2017-02-20,1.29793,1.1826199999999998,0.8571599999999999,0.6515299999999999
2017-02-13,1.2963699999999998,1.1808800000000002,0.82337,0.64201
2017-02-06,1.29594,1.18426,0.82559,0.63702
2017-01-30,1.2976400000000001,1.18842,0.8597400000000001,0.62183
2017-01-23,1.30043,1.19034,0.8619199999999999,0.6354299999999999
2017-01-16,1.30192,1.19365,0.86519,0.6191599999999999
2017-01-09,1.2797100000000001,1.17732,0.85578,0.59977
2017-01-02,1.27044,1.17159,0.84081,0.5983200000000001
2016-12-19,1.2418900000000002,1.13797,0.79886,0.5983200000000001
2016-12-12,1.21852,1.11755,0.77789,0.5983200000000001
2016-12-05,1.206,1.1040999999999999,0.76537,0.59656
2016-11-28,1.219,1.1136,0.77124,0.5954400000000001
2016-11-21,1.228,1.123,0.7968999999999999,0.5954400000000001
2016-11-14,1.236,1.131,0.7948200000000001,0.59178
2016-11-07,1.245,1.149,0.80324,0.55298
2016-10-31,1.245,1.149,0.79914,0.58557
2016-10-24,1.226,1.124,0.7763300000000001,0.58557
2016-10-17,1.226,1.124,0.7762,0.58557
2016-10-10,1.207,1.099,0.75661,0.58557
2016-10-03,1.205,1.0906,0.75963,0.56936
2016-09-26,1.203,1.0903,0.7629600000000001,0.56936
2016-09-19,1.209,1.0984,0.7645599999999999,0.56936
2016-09-12,1.213,1.112,0.7794,0.56841
2016-09-05,1.213,1.112,0.73613,0.55832
2016-08-29,1.175,1.066,0.7111900000000001,0.55855
2016-08-22,1.175,1.066,0.722,0.55855
2016-08-15,1.174,1.08,0.7277,0.5576
2016-08-08,1.174,1.08,0.73902,0.5576
2016-08-01,1.186,1.102,0.7483,0.5576
2016-07-25,1.186,1.102,0.759,0.5572999999999999
2016-07-18,1.223,1.12,0.77837,0.5572999999999999
2016-07-11,1.223,1.12,0.77519,0.5572999999999999
2016-07-04,1.217,1.123,0.75226,0.5572999999999999
2016-06-27,1.217,1.123,0.75459,0.5572999999999999
2016-06-20,1.238,1.13,0.77686,0.5572999999999999
2016-06-13,1.238,1.13,0.74215,0.5572999999999999
2016-06-06,1.218,1.099,0.75186,0.54444
2016-05-30,1.218,1.099,0.73552,0.54444
2016-05-23,1.204,1.079,0.72487,0.54444
2016-05-16,1.204,1.079,0.71726,0.54444
2016-05-09,1.202,1.059,0.708,0.54444
2016-05-02,1.202,1.059,0.6648,0.54444
2016-04-25,1.176,1.02,0.6698999999999999,0.54444
2016-04-18,1.176,1.02,0.653,0.54444
2016-04-11,1.185,1.05,0.705,0.5446599999999999
2016-04-04,1.185,1.05,0.705,0.54511
2016-03-21,1.157,1.038,0.695,0.54513
2016-03-14,1.112,1.0,0.664,0.54695
2016-03-07,1.112,1.0,0.664,0.5648099999999999
2016-02-29,1.119,0.992,0.654,0.5648099999999999
2016-02-22,1.119,0.992,0.654,0.5648099999999999
2016-02-15,1.155,0.978,0.639,0.56632
2016-02-08,1.155,0.978,0.639,0.58238
2016-02-01,1.159,0.988,0.658,0.58296
2016-01-25,1.159,0.988,0.658,0.58296
2016-01-18,1.175,1.015,0.682,0.5851900000000001
2016-01-11,1.175,1.015,0.682,0.59329
2016-01-04,1.183,1.025,0.739,0.59329
2015-12-14,1.22,1.099,0.81,0.59172
2015-12-07,1.205,1.113,0.818,0.5769500000000001
2015-11-30,1.205,1.113,0.818,0.5769500000000001
2015-11-23,1.216,1.121,0.827,0.5769500000000001
2015-11-16,1.216,1.121,0.827,0.5769500000000001
2015-11-09,1.199,1.106,0.8152,0.5769500000000001
2015-11-02,1.199,1.106,0.8152,0.5769500000000001
2015-10-26,1.224,1.133,0.84,0.5769500000000001
2015-10-19,1.224,1.133,0.84,0.5769500000000001
2015-10-12,1.217,1.128,0.831,0.5769500000000001
2015-10-05,1.217,1.128,0.831,0.5769500000000001
2015-09-28,1.241,1.146,0.831,0.5782999999999999
2015-09-21,1.241,1.146,0.831,0.5782999999999999
2015-09-14,1.232,1.121,0.803,0.5811900000000001
2015-09-07,1.232,1.121,0.803,0.60724
2015-08-31,1.287,1.152,0.803,0.60724
2015-08-24,1.287,1.152,0.803,0.60724
2015-08-17,1.331,1.178,0.834,0.60724
2015-08-10,1.331,1.178,0.834,0.60724
2015-08-03,1.353,1.187,0.844,0.6077899999999999
2015-07-27,1.353,1.187,0.844,0.6077899999999999
2015-07-20,1.353,1.222,0.875,0.6081
2015-07-13,1.353,1.222,0.875,0.6081
2015-07-06,1.372,1.228,0.895,0.6120800000000001
2015-06-29,1.372,1.228,0.895,0.6120800000000001
2015-06-22,1.364,1.242,0.907,0.6120800000000001
2015-06-15,1.364,1.242,0.907,0.6129
2015-06-08,1.364,1.252,0.919,0.6285599999999999
2015-06-01,1.364,1.252,0.919,0.6285599999999999
2015-05-25,1.369,1.255,0.915,0.6285599999999999
2015-05-18,1.369,1.255,0.915,0.6285599999999999
2015-05-11,1.362,1.245,0.893,0.6285599999999999
2015-05-04,1.362,1.245,0.893,0.6285599999999999
2015-04-27,1.311,1.197,0.848,0.6285599999999999
2015-04-20,1.311,1.197,0.848,0.62873
2015-04-13,1.316,1.198,0.844,0.6315299999999999
2015-03-30,1.323,1.219,0.873,0.63824
2015-03-23,1.323,1.219,0.873,0.63824
2015-03-16,1.308,1.22,0.872,0.63824
2015-03-09,1.308,1.22,0.872,0.63824
2015-03-02,1.308,1.22,0.872,0.63824
2015-02-23,1.308,1.22,0.872,0.63824
2015-02-16,1.258,1.17,0.822,0.63824
2015-02-09,1.258,1.17,0.822,0.63824
2015-02-02,1.24,1.157,0.811,0.63824
2015-01-26,1.24,1.157,0.811,0.64038
2015-01-19,1.268,1.197,0.851,0.6424500000000001
2015-01-12,1.268,1.197,0.851,0.68095
2015-01-05,1.292,1.225,0.88,0.68325
2014-12-15,1.362,1.286,0.951,0.69329
2014-12-08,1.403,1.332,0.995,0.72725
2014-12-01,1.403,1.332,0.995,0.72725
2014-11-24,1.431,1.351,1.016,0.72725
2014-11-17,1.431,1.351,1.016,0.72756
2014-11-10,1.428,1.345,1.008,0.73421
2014-11-03,1.428,1.345,1.008,0.74925
2014-10-27,1.447,1.359,1.022,0.74925
2014-10-20,1.447,1.359,1.022,0.74999
2014-10-13,1.447,1.359,1.022,0.74999
2014-10-06,1.447,1.359,1.022,0.74999
2014-09-29,1.447,1.359,1.022,0.74999
2014-09-22,1.447,1.359,1.022,0.74999
2014-09-15,1.441,1.355,1.019,0.7501599999999999
2014-09-08,1.441,1.355,1.019,0.75248
2014-09-01,1.443,1.36,1.024,0.76155
2014-08-25,1.443,1.36,1.024,0.76155
2014-08-18,1.463,1.365,1.031,0.76155
2014-08-11,1.463,1.365,1.031,0.76155
2014-08-04,1.478,1.356,1.02,0.7607200000000001
2014-07-28,1.478,1.356,1.02,0.7607200000000001
2014-07-21,1.498,1.377,1.043,0.76047
2014-07-14,1.498,1.377,1.043,0.75959
2014-07-07,1.498,1.377,1.044,0.75525
2014-06-30,1.498,1.377,1.044,0.74217
2014-06-23,1.487,1.365,1.032,0.74217
2014-06-16,1.487,1.365,1.032,0.74217
2014-06-09,1.483,1.376,1.02,0.7461
2014-06-02,1.483,1.376,1.02,0.74309
2014-05-26,1.47,1.363,1.006,0.7426900000000001
2014-05-19,1.47,1.363,1.006,0.743
2014-05-12,1.495,1.378,1.019,0.74759
2014-05-05,1.495,1.378,1.019,0.76155
2014-04-28,1.477,1.366,1.003,0.7619600000000001
2014-04-14,1.454,1.345,1.002,0.7620399999999999
2014-04-07,1.454,1.345,1.002,0.76974
2014-03-31,1.451,1.351,1.01,0.7700199999999999
2014-03-24,1.451,1.351,1.01,0.7700199999999999
2014-03-17,1.463,1.332,1.01,0.7700199999999999
2014-03-10,1.463,1.332,1.01,0.7885800000000001
2014-03-03,1.45,1.325,1.008,0.78855
2014-02-24,1.45,1.325,1.008,0.7891699999999999
2014-02-17,1.44,1.326,1.009,0.7942100000000001
2014-02-10,1.44,1.326,1.009,0.81375
2014-02-03,1.434,1.359,1.004,0.81375
2014-01-27,1.434,1.359,1.004,0.81375
2014-01-20,1.45,1.376,1.022,0.81375
2014-01-13,1.45,1.376,1.022,0.81538
2014-01-06,1.435,1.37,0.997,0.80838
2013-12-16,1.446,1.387,1.015,0.80838
2013-12-09,1.441,1.368,0.996,0.80711
2013-12-02,1.441,1.368,0.996,0.76815
2013-11-25,1.416,1.357,0.988,0.76815
2013-11-18,1.416,1.357,0.988,0.76846
2013-11-11,1.439,1.365,0.995,0.76846
2013-11-04,1.439,1.365,0.995,0.76936
2013-10-28,1.444,1.37,0.999,0.76936
2013-10-21,1.444,1.37,0.999,0.76958
2013-10-14,1.448,1.378,1.001,0.76958
2013-10-07,1.448,1.378,1.001,0.78201
2013-09-30,1.487,1.418,1.038,0.78201
2013-09-23,1.487,1.418,1.038,0.77823
2013-09-16,1.523,1.406,1.025,0.77823
2013-09-09,1.523,1.406,1.025,0.7759400000000001
2013-09-02,1.496,1.389,1.009,0.7575299999999999
2013-08-26,1.496,1.389,1.009,0.7575299999999999
2013-08-19,1.514,1.389,1.011,0.7575299999999999
2013-08-12,1.514,1.389,1.011,0.7551599999999999
2013-08-05,1.518,1.392,1.014,0.73907
2013-07-29,1.518,1.392,1.014,0.73907
2013-07-22,1.493,1.376,1.001,0.73907
2013-07-15,1.493,1.376,1.001,0.73907
2013-07-08,1.495,1.366,0.986,0.73907
2013-07-01,1.495,1.366,0.986,0.7388899999999999
2013-06-24,1.484,1.345,0.973,0.72752
2013-06-17,1.484,1.345,0.973,0.73111
2013-06-10,1.479,1.351,0.978,0.7403099999999999
2013-06-03,1.479,1.351,0.978,0.74041
2013-05-27,1.463,1.341,0.968,0.74041
2013-05-20,1.463,1.341,0.968,0.74041
2013-05-13,1.461,1.332,0.958,0.7499
2013-05-06,1.461,1.332,0.958,0.7712899999999999
2013-04-29,1.492,1.372,1.003,0.7712899999999999
2013-04-22,1.492,1.372,1.003,0.7712899999999999
2013-04-15,1.514,1.381,1.009,0.7715599999999999
2013-04-08,1.514,1.381,1.009,0.7921699999999999
2013-04-01,1.505,1.381,1.009,0.7921699999999999
2013-03-25,1.505,1.381,1.009,0.7921699999999999
2013-03-18,1.547,1.402,1.032,0.7928999999999999
2013-03-11,1.547,1.402,1.032,0.81184
2013-03-04,1.549,1.411,1.052,0.81184
2013-02-25,1.549,1.411,1.052,0.81184
2013-02-18,1.549,1.411,1.052,0.81184
2013-02-11,1.549,1.411,1.052,0.81184
2013-02-04,1.516,1.407,1.05,0.81184
2013-01-28,1.516,1.407,1.05,0.81225
2013-01-21,1.501,1.395,1.033,0.81225
2013-01-14,1.501,1.395,1.033,0.81225
2013-01-07,1.486,1.385,1.005,0.83187
2012-12-17,1.478,1.394,1.019,0.83187
2012-12-10,1.484,1.402,1.033,0.83187
2012-12-03,1.484,1.402,1.033,0.83187
2012-11-26,1.465,1.393,1.029,0.83187
2012-11-19,1.465,1.393,1.029,0.83187
2012-11-12,1.499,1.419,1.052,0.83123
2012-11-05,1.499,1.419,1.052,0.83123
2012-10-29,1.57,1.44,1.064,0.83123
2012-10-22,1.57,1.44,1.064,0.83123
2012-10-15,1.544,1.424,1.05,0.8304600000000001
2012-10-08,1.544,1.424,1.05,0.8304600000000001
2012-10-01,1.576,1.444,1.076,0.8304600000000001
2012-09-24,1.576,1.444,1.076,0.8304600000000001
2012-09-17,1.576,1.444,1.076,0.8304600000000001
2012-09-10,1.576,1.444,1.076,0.8267100000000001
2012-09-03,1.562,1.429,1.059,0.8108500000000001
2012-08-27,1.562,1.429,1.059,0.80822
2012-08-20,1.507,1.387,1.021,0.78628
2012-08-13,1.507,1.387,1.021,0.78286
2012-08-06,1.482,1.382,1.008,0.75019
2012-07-30,1.482,1.382,1.008,0.75019
2012-07-23,1.433,1.32,0.957,0.75019
2012-07-16,1.433,1.32,0.957,0.75019
2012-07-09,1.374,1.267,0.947,0.76442
2012-07-02,1.374,1.267,0.947,0.76442
2012-06-25,1.414,1.296,0.979,0.76451
2012-06-18,1.414,1.296,0.979,0.7709
2012-06-11,1.427,1.309,0.991,0.7937799999999999
2012-06-04,1.427,1.309,0.991,0.7937799999999999
2012-05-28,1.435,1.32,1.003,0.7937799999999999
2012-05-21,1.435,1.32,1.003,0.7937799999999999
2012-05-14,1.488,1.337,1.021,0.7937799999999999
2012-05-07,1.488,1.337,1.021,0.8384400000000001
2012-04-30,1.536,1.344,1.029,0.8384400000000001
2012-04-23,1.536,1.344,1.029,0.8384400000000001
2012-04-16,1.528,1.358,1.04,0.8384400000000001
2012-04-02,1.493,1.365,1.042,0.8384400000000001
2012-03-26,1.493,1.365,1.042,0.8384400000000001
2012-03-19,1.463,1.343,1.026,0.83428
2012-03-12,1.463,1.343,1.026,0.83304
2012-03-05,1.438,1.335,1.023,0.79132
2012-02-27,1.438,1.335,1.023,0.79132
2012-02-20,1.412,1.302,0.99,0.79132
2012-02-13,1.412,1.302,0.99,0.79132
2012-02-06,1.406,1.324,1.011,0.74862
2012-01-30,1.406,1.324,1.011,0.74862
2012-01-23,1.38,1.305,0.988,0.74862
2012-01-16,1.38,1.305,0.988,0.74862
2012-01-09,1.342,1.277,0.945,0.74862
2011-12-19,1.328,1.277,0.945,0.7486499999999999
2011-12-12,1.32,1.269,0.945,0.7504400000000001
2011-12-05,1.32,1.269,0.945,0.7504400000000001
2011-11-28,1.32,1.269,0.945,0.7504400000000001
2011-11-21,1.32,1.269,0.945,0.75036
2011-11-14,1.32,1.269,0.937,0.75036
2011-11-07,1.32,1.269,0.937,0.75036
2011-10-31,1.32,1.269,0.937,0.75036
2011-10-24,1.32,1.269,0.937,0.75036
2011-10-17,1.313,1.263,0.937,0.75027
2011-10-10,1.313,1.263,0.937,0.7495
2011-10-03,1.287,1.238,0.919,0.7419
2011-09-26,1.287,1.238,0.919,0.7419
2011-09-19,1.287,1.238,0.919,0.7419
2011-09-12,1.287,1.238,0.919,0.7429199999999999
2011-09-05,1.287,1.238,0.919,0.7557200000000001
2011-08-29,1.287,1.238,0.919,0.7557200000000001
2011-08-22,1.287,1.238,0.932,0.7557200000000001
2011-08-08,1.287,1.238,0.932,0.71485
2011-08-01,1.287,1.238,0.932,0.71485
2011-07-25,1.264,1.213,0.904,0.71511
2011-07-18,1.264,1.213,0.904,0.71511
2011-07-11,1.255,1.225,0.914,0.7265499999999999
2011-07-04,1.255,1.225,0.914,0.72891
2011-06-27,1.264,1.233,0.919,0.72891
2011-06-20,1.264,1.233,0.919,0.72891
2011-06-13,1.278,1.221,0.901,0.72891
2011-06-06,1.278,1.221,0.901,0.7296
2011-05-30,1.295,1.217,0.902,0.7686799999999999
2011-05-23,1.295,1.217,0.902,0.7686799999999999
2011-05-16,1.307,1.241,0.937,0.7686799999999999
2011-05-09,1.307,1.241,0.937,0.7686799999999999
2011-05-02,1.292,1.254,0.949,0.7686799999999999
2011-04-18,1.292,1.237,0.932,0.7686799999999999
2011-04-11,1.292,1.237,0.932,0.77076
2011-04-04,1.278,1.238,0.929,0.77076
2011-03-28,1.278,1.238,0.929,0.77076
2011-03-21,1.279,1.237,0.914,0.77076
2011-03-14,1.279,1.237,0.914,0.77104
2011-03-07,1.279,1.237,0.875,0.77123
2011-02-28,1.279,1.237,0.875,0.77719
2011-02-21,1.279,1.237,0.85,0.77719
2011-02-14,1.279,1.237,0.85,0.80825
2011-02-07,1.279,1.237,0.85,0.80741
2011-01-31,1.279,1.237,0.85,0.8063400000000001
2011-01-24,1.279,1.237,0.821,0.8063400000000001
2011-01-17,1.279,1.237,0.821,0.8063400000000001
2011-01-10,1.263,1.233,0.82,0.8045399999999999
2011-01-03,1.263,1.233,0.82,0.78512
2010-12-20,1.262,1.216,0.795,0.78042
2010-12-13,1.238,1.193,0.762,0.78028
2010-12-06,1.238,1.193,0.762,0.73505
2010-11-29,1.229,1.192,0.76,0.72987
2010-11-22,1.229,1.192,0.76,0.72957
2010-11-15,1.214,1.172,0.742,0.72957
2010-11-08,1.214,1.172,0.742,0.72882
2010-10-25,1.228,1.18,0.753,0.69586
2010-10-18,1.211,1.175,0.749,0.69586
2010-10-11,1.211,1.175,0.749,0.69586
2010-10-04,1.211,1.175,0.749,0.69586
2010-09-27,1.211,1.175,0.749,0.69586
2010-09-20,1.202,1.166,0.74,0.69586
2010-09-13,1.202,1.166,0.74,0.69586
2010-09-06,1.196,1.169,0.741,0.69586
2010-08-30,1.196,1.169,0.741,0.69586
2010-08-23,1.216,1.176,0.752,0.69586
2010-08-16,1.216,1.176,0.752,0.69586
2010-08-09,1.216,1.164,0.744,0.69586
2010-08-02,1.216,1.164,0.744,0.69485
2010-07-26,1.217,1.162,0.752,0.69485
2010-07-19,1.217,1.162,0.752,0.69485
2010-07-12,1.223,1.187,0.789,0.69485
2010-07-05,1.223,1.187,0.789,0.69199
2010-06-28,1.213,1.17,0.769,0.69199
2010-06-21,1.213,1.17,0.769,0.69199
2010-06-14,1.192,1.143,0.743,0.69199
2010-06-07,1.192,1.143,0.743,0.69199
2010-05-31,1.215,1.166,0.743,0.66575
2010-05-24,1.215,1.166,0.743,0.66575
2010-05-17,1.215,1.161,0.746,0.66575
2010-05-10,1.215,1.161,0.746,0.66575
2010-05-03,1.211,1.151,0.739,0.66575
2010-04-26,1.211,1.151,0.739,0.66575
2010-04-19,1.204,1.125,0.711,0.66575
2010-04-12,1.204,1.125,0.711,0.66575
2010-03-29,1.194,1.111,0.699,0.66575
2010-03-22,1.173,1.091,0.684,0.66489
2010-03-15,1.173,1.091,0.684,0.66489
2010-03-08,1.154,1.085,0.65,0.66489
2010-03-01,1.154,1.085,0.65,0.6636799999999999
2010-02-22,1.157,1.073,0.637,0.6636799999999999
2010-02-15,1.157,1.073,0.637,0.6636799999999999
2010-02-08,1.152,1.082,0.639,0.66125
2010-02-01,1.152,1.082,0.639,0.64423
2010-01-25,1.158,1.096,0.655,0.6435299999999999
2010-01-18,1.158,1.096,0.655,0.6435299999999999
2010-01-11,1.116,1.054,0.612,0.6407
2010-01-04,1.116,1.054,0.612,0.60358
2009-12-21,1.115,1.053,0.605,0.60358
2009-12-14,1.125,1.056,0.61,0.60358
2009-12-07,1.125,1.056,0.61,0.6019500000000001
2009-11-30,1.125,1.061,0.617,0.59309
2009-11-23,1.125,1.061,0.617,0.59309
2009-11-16,1.135,1.068,0.625,0.59309
2009-11-09,1.135,1.068,0.625,0.59309
2009-11-02,1.099,1.036,0.593,0.5466599999999999
2009-10-26,1.099,1.036,0.593,0.5466599999999999
2009-10-19,1.079,1.015,0.567,0.5466599999999999
2009-10-12,1.079,1.015,0.567,0.5466599999999999
2009-10-05,1.1,1.026,0.579,0.54046
2009-09-28,1.1,1.026,0.579,0.54046
2009-09-21,1.117,1.043,0.596,0.54046
2009-09-14,1.117,1.043,0.596,0.54046
2009-09-07,1.142,1.061,0.611,0.5400900000000001
2009-08-31,1.142,1.061,0.611,0.5400900000000001
2009-08-24,1.146,1.05,0.605,0.5400900000000001
2009-08-17,1.146,1.05,0.605,0.5400900000000001
2009-08-10,1.099,1.012,0.57,0.5400900000000001
2009-08-03,1.099,1.012,0.57,0.53974
2009-07-27,1.1,1.05,0.569,0.53974
2009-07-20,1.1,1.05,0.569,0.53974
2009-07-13,1.107,1.05,0.603,0.53974
2009-07-06,1.107,1.05,0.603,0.51377
2009-06-29,1.106,1.059,0.59,0.51377
2009-06-22,1.106,1.059,0.59,0.51377
2009-06-15,1.081,1.014,0.545,0.51377
2009-06-08,1.081,1.014,0.545,0.51377
2009-06-01,1.047,1.012,0.544,0.4968
2009-05-25,1.047,1.012,0.544,0.4968
2009-05-18,1.01,0.99,0.522,0.4968
2009-05-11,1.01,0.99,0.522,0.4968
2009-05-04,1.008,0.989,0.536,0.49673
2009-04-27,1.008,0.989,0.536,0.50751
2009-04-20,0.996,0.987,0.532,0.50751
2009-04-06,0.97,0.956,0.495,0.53779
2009-03-30,0.97,0.956,0.495,0.53872
2009-03-23,0.96,0.947,0.488,0.53872
2009-03-16,0.96,0.947,0.488,0.53872
2009-03-09,0.96,0.947,0.508,0.53872
2009-03-02,0.96,0.947,0.508,0.5568200000000001
2009-02-23,0.965,0.947,0.534,0.55677
2009-02-16,0.965,0.947,0.534,0.55677
2009-02-09,0.941,0.948,0.538,0.55677
2009-02-02,0.941,0.948,0.538,0.55677
2009-01-26,0.906,0.943,0.53,0.55677
2009-01-19,0.906,0.943,0.53,0.55677
2009-01-12,0.827,0.914,0.52,0.55677
2009-01-05,0.827,0.914,0.52,0.55653
2008-12-15,0.827,0.914,0.583,0.571
2008-12-08,0.827,0.914,0.583,0.571
2008-12-01,0.877,0.976,0.643,0.63288
2008-11-24,0.877,0.976,0.643,0.63288
2008-11-17,0.936,0.997,0.664,0.63288
2008-11-10,0.936,0.997,0.664,0.63325
2008-11-03,0.984,1.044,0.71,0.69352
2008-10-27,0.984,1.044,0.71,0.69778
2008-10-20,1.086,1.145,0.812,0.69778
2008-10-13,1.086,1.145,0.812,0.69694
2008-10-06,1.114,1.136,0.804,0.69694
2008-09-29,1.114,1.136,0.804,0.69694
2008-09-22,1.141,1.173,0.84,0.69694
2008-09-15,1.141,1.173,0.84,0.69694
2008-09-08,1.132,1.174,0.841,0.69694
2008-09-01,1.132,1.174,0.841,0.69694
2008-08-25,1.129,1.197,0.865,0.69694
2008-08-18,1.129,1.197,0.865,0.69694
2008-08-11,1.161,1.264,0.931,0.69694
2008-08-04,1.161,1.264,0.931,0.69694
2008-07-28,1.212,1.311,0.978,0.69694
2008-07-21,1.212,1.311,0.978,0.69694
2008-07-14,1.217,1.295,0.965,0.69694
2008-07-07,1.217,1.295,0.965,0.69694
2008-06-30,1.206,1.294,0.954,0.69531
2008-06-23,1.206,1.294,0.954,0.69531
2008-06-16,1.187,1.298,0.957,0.69531
2008-06-09,1.187,1.298,0.957,0.68324
2008-06-02,1.157,1.259,0.924,0.67833
2008-05-26,1.157,1.259,0.924,0.67833
2008-05-19,1.114,1.188,0.849,0.67833
2008-05-12,1.114,1.188,0.849,0.67833
2008-05-05,1.083,1.16,0.809,0.67833
2008-04-28,1.083,1.16,0.809,0.67833
2008-04-21,1.069,1.112,0.76,0.67833
2008-04-14,1.069,1.112,0.76,0.67833
2008-04-07,1.055,1.138,0.787,0.67675
2008-03-31,1.055,1.138,0.787,0.67675
2008-03-17,1.058,1.113,0.777,0.67675
2008-03-10,1.067,1.09,0.757,0.67675
2008-03-03,1.067,1.09,0.757,0.67675
2008-02-25,1.022,1.03,0.699,0.67675
2008-02-18,1.022,1.03,0.699,0.67675
2008-02-11,1.027,1.024,0.692,0.67675
2008-02-04,1.027,1.024,0.692,0.67553
2008-01-28,1.059,1.055,0.72,0.67553
2008-01-21,1.059,1.055,0.72,0.67553
2008-01-14,1.055,1.072,0.739,0.67553
2008-01-07,1.055,1.072,0.739,0.67286
2007-12-17,1.048,1.086,0.734,0.67286
2007-12-10,1.048,1.086,0.734,0.6101599999999999
2007-12-03,1.059,1.08,0.731,0.6101599999999999
2007-11-26,1.059,1.08,0.731,0.6101599999999999
2007-11-19,1.035,1.031,0.694,0.6101599999999999
2007-11-12,1.035,1.031,0.694,0.6101599999999999
2007-11-05,1.0,0.994,0.656,0.6101599999999999
2007-10-29,1.0,0.994,0.656,0.6101599999999999
2007-10-22,0.988,0.984,0.646,0.58254
2007-10-15,0.988,0.984,0.646,0.58254
2007-10-08,1.0,0.997,0.662,0.58254
2007-10-01,1.0,0.997,0.662,0.58254
2007-09-24,1.004,0.972,0.635,0.57582
2007-09-17,1.004,0.972,0.635,0.57582
2007-09-10,1.035,0.982,0.62,0.57582
2007-09-03,1.035,0.982,0.62,0.57582
2007-08-27,1.037,0.988,0.624,0.57582
2007-08-20,1.037,0.988,0.624,0.57582
2007-08-13,1.056,0.995,0.631,0.57582
2007-08-06,1.056,0.995,0.631,0.57582
2007-07-30,1.091,0.993,0.629,0.57582
2007-07-23,1.091,0.993,0.629,0.57582
2007-07-16,1.092,0.989,0.622,0.57582
2007-07-09,1.092,0.989,0.622,0.57582
2007-07-02,1.088,0.981,0.617,0.57582
2007-06-25,1.088,0.981,0.617,0.57582
2007-06-18,1.105,0.975,0.605,0.57582
2007-06-11,1.105,0.975,0.605,0.57582
2007-06-04,1.103,0.962,0.6,0.57582
2007-05-28,1.103,0.962,0.6,0.57582
2007-05-21,1.097,0.961,0.603,0.57582
2007-05-14,1.097,0.961,0.603,0.57582
2007-05-07,1.061,0.959,0.599,0.57582
2007-04-30,1.061,0.959,0.599,0.57582
2007-04-23,1.046,0.954,0.593,0.57582
2007-04-16,1.046,0.954,0.593,0.57582
2007-04-02,1.007,0.923,0.563,0.57582
2007-03-26,1.015,0.929,0.571,0.57582
2007-03-19,1.015,0.929,0.571,0.57582
2007-03-12,0.967,0.907,0.548,0.576
2007-03-05,0.967,0.907,0.548,0.576
2007-02-26,0.954,0.909,0.55,0.576
2007-02-19,0.954,0.909,0.55,0.576
2007-02-12,0.925,0.887,0.524,0.576
2007-02-05,0.925,0.887,0.524,0.576
2007-01-29,0.94,0.892,0.531,0.57751
2007-01-22,0.94,0.892,0.531,0.57751
2007-01-15,0.974,0.924,0.563,0.57751
2007-01-08,0.974,0.924,0.563,0.57751
2006-12-18,0.96929,0.943,0.57623,0.57625
2006-12-11,0.96921,0.94292,0.5761799999999999,0.5762
2006-12-04,0.96675,0.93712,0.57204,0.5720299999999999
2006-11-27,0.9667899999999999,0.93716,0.5720599999999999,0.5720599999999999
2006-11-20,0.9647,0.9309,0.5720599999999999,0.5720599999999999
2006-11-13,0.96486,0.93106,0.57216,0.5721499999999999
2006-11-06,0.95856,0.94813,0.58966,0.57213
2006-10-30,0.9586,0.94817,0.58968,0.5721499999999999
2006-10-23,0.9582200000000001,0.9381900000000001,0.57969,0.5721799999999999
2006-10-16,0.95838,0.93835,0.5797899999999999,0.57227
2006-10-09,0.97454,0.9624400000000001,0.61436,0.5722
2006-10-02,0.97462,0.9625199999999999,0.61441,0.57225
2006-09-25,1.06511,0.99917,0.65985,0.5722
2006-09-18,1.0652000000000001,0.99925,0.6598999999999999,0.57225
2006-09-11,1.06515,0.99921,0.65988,0.55721
2006-09-04,1.06506,0.99912,0.6598200000000001,0.5571699999999999
2006-08-28,1.0884800000000001,0.9970800000000001,0.64524,0.5571900000000001
2006-08-21,1.08857,0.9971599999999999,0.6453,0.55724
2006-08-14,1.0883900000000002,0.997,0.64519,0.55714
2006-08-07,1.08816,0.99679,0.6450499999999999,0.55703
2006-07-31,1.0410599999999999,0.97638,0.64842,0.5570499999999999
2006-07-24,1.0411,0.97642,0.6484500000000001,0.5570700000000001
2006-07-17,1.04119,0.97651,0.6485,0.5571200000000001
2006-07-10,1.0411,0.97642,0.6484500000000001,0.5570700000000001
2006-07-03,1.03614,0.9748,0.6417999999999999,0.5571
2006-06-26,1.03609,0.97475,0.64177,0.5570700000000001
2006-06-19,1.03614,0.9748,0.6417999999999999,0.5571
2006-06-12,1.03605,0.9747100000000001,0.64174,0.5570499999999999
2006-06-05,1.04982,1.0035,0.65885,0.5570499999999999
2006-05-29,1.0499100000000001,1.00359,0.65891,0.5571
2006-05-22,1.05,1.00367,0.65896,0.55714
2006-05-15,1.05,1.00367,0.65896,0.55714
2006-05-08,0.99278,0.9560599999999999,0.62638,0.5571200000000001
2006-05-01,0.99286,0.95614,0.6264299999999999,0.5571699999999999
2006-04-24,0.99286,0.95614,0.6264299999999999,0.5571699999999999
2006-04-10,0.94145,0.94521,0.60301,0.5571200000000001
2006-04-03,0.9416100000000001,0.94536,0.60311,0.55721
2006-03-27,0.9416100000000001,0.94536,0.60311,0.55721
2006-03-20,0.9418099999999999,0.94556,0.60324,0.55733
2006-03-13,0.953,0.9379700000000001,0.61154,0.55728
2006-03-06,0.9532,0.93817,0.6116699999999999,0.5574
2006-02-27,0.9532,0.93817,0.6116699999999999,0.5574
2006-02-20,0.9533200000000001,0.93828,0.6117400000000001,0.55747
2006-02-13,0.95031,0.92192,0.5929,0.5574199999999999
2006-02-06,0.95035,0.92196,0.59293,0.55745
2006-01-30,0.95043,0.92204,0.5929800000000001,0.55749
2006-01-23,0.95043,0.92204,0.5929800000000001,0.55749
2006-01-16,0.9185399999999999,0.91437,0.58369,0.55702
2006-01-09,0.91862,0.91444,0.58374,0.55173
2005-12-19,0.91862,0.9240499999999999,0.58708,0.55173
2005-12-12,0.9185399999999999,0.9239700000000001,0.5870299999999999,0.55169
2005-12-05,0.9185,0.9239299999999999,0.58701,0.55167
2005-11-28,0.9185399999999999,0.9239700000000001,0.5870299999999999,0.55169
2005-11-21,0.99954,1.00038,0.65008,0.55169
2005-11-14,0.99958,1.0004199999999999,0.6501,0.55171
2005-11-07,0.99954,1.00038,0.65008,0.5424500000000001
2005-10-24,0.9960800000000001,0.97353,0.63079,0.5237200000000001
2005-10-17,0.99612,0.97357,0.63082,0.52375
2005-10-10,0.99599,0.97345,0.63074,0.5236799999999999
2005-10-03,0.9961599999999999,0.97361,0.63085,0.5264099999999999
2005-09-26,1.0605,0.9974500000000001,0.64799,0.52643
2005-09-19,1.0606300000000002,0.99758,0.64807,0.5265
2005-09-12,0.9935700000000001,0.9635,0.62103,0.46763
2005-09-05,0.99336,0.9632999999999999,0.6209,0.46754
2005-08-29,0.9732799999999999,0.94614,0.59833,0.46752
2005-08-22,0.9733200000000001,0.9461799999999999,0.59835,0.46754
2005-08-15,0.9469299999999999,0.9243899999999999,0.57325,0.4675
2005-08-08,0.94689,0.92435,0.57323,0.46748
2005-08-01,0.9461799999999999,0.9349,0.59961,0.46754
2005-07-25,0.9460599999999999,0.93479,0.59953,0.46748
2005-07-18,0.9362,0.9291,0.5804199999999999,0.46755
2005-07-11,0.9362,0.9291,0.5804199999999999,0.46755
2005-07-04,0.92044,0.9292100000000001,0.5717300000000001,0.46761
2005-06-27,0.9204,0.9291699999999999,0.5717000000000001,0.46758999999999995
2005-06-20,0.89509,0.88298,0.5206000000000001,0.46746
2005-06-13,0.89546,0.88335,0.52834,0.46764999999999995
2005-06-06,0.8953099999999999,0.8832000000000001,0.52825,0.46757
2005-05-30,0.89512,0.88302,0.5281399999999999,0.46748
2005-05-23,0.8952,0.88309,0.52818,0.46752
2005-05-16,0.89524,0.88313,0.5282100000000001,0.50803
2005-05-09,0.8952,0.88309,0.52818,0.508
2005-05-02,0.8949,0.88279,0.52049,0.50783
2005-04-25,0.91941,0.90146,0.5509,0.5077699999999999
2005-04-18,0.91941,0.90146,0.5509,0.5077699999999999
2005-04-11,0.86976,0.9027200000000001,0.5302,0.50754
2005-04-04,0.86991,0.90287,0.5302899999999999,0.50762
2005-03-21,0.8602799999999999,0.88239,0.53027,0.5076
2005-03-14,0.86024,0.8460599999999999,0.5073,0.50758
2005-03-07,0.8602799999999999,0.84609,0.50732,0.5076
2005-02-28,0.85982,0.83187,0.49102999999999997,0.50758
2005-02-21,0.85965,0.8317,0.49093000000000003,0.50747
2005-02-14,0.8550599999999999,0.84129,0.50052,0.54459
2005-02-07,0.85513,0.84136,0.50056,0.54401
2005-01-31,0.8362200000000001,0.83372,0.48296,0.54392
2005-01-24,0.8362200000000001,0.83372,0.48296,0.54392
2005-01-17,0.82037,0.81578,0.48713,0.54392
2005-01-10,0.8203400000000001,0.81575,0.48711,0.5438999999999999
2005-01-03,0.8203400000000001,0.81575,0.49295,0.5438999999999999
